component ID,serial number,project number,production number,total quantity,door type,shipping address
K062382-01Door_Leaf,K062382-01,2204160,K062382/003,1,KH-1010,WEGROW
K062382-01Door_Panel,K062382-01,2204160,K062382/004,1,KH-1010,WEGROW
K062382-01Door_Frame,K062382-01,2204160,K062382/007,1,KH-1010,WEGROW
K064612-01Door_Leaf,K064612-01,2107530,K064612/003,1,VH-1414VK,NEWCOLD
K064612-01Door_Panel,K064612-01,2107530,K064612/005,1,VH-1414VK,NEWCOLD
K064612-01Door_Frame,K064612-01,2107530,K064612/008,1,VH-1414VK,NEWCOLD
K064756-02Door_Leaf,K064756-02,2107530,K064756/003,3,AL-0804-H,NEWCOLD
K064756-03Door_Leaf,K064756-03,2107530,K064756/003,3,AL-0804-H,NEWCOLD
K064756-01Door_Leaf,K064756-01,2107530,K064756/003,3,AL-0804-H,NEWCOLD
K064756-02Door_Panel,K064756-02,2107530,K064756/004,3,AL-0804-H,NEWCOLD
K064756-01Door_Panel,K064756-01,2107530,K064756/004,3,AL-0804-H,NEWCOLD
K064756-03Door_Panel,K064756-03,2107530,K064756/004,3,AL-0804-H,NEWCOLD
K064756-01Door_Frame,K064756-01,2107530,K064756/005,3,AL-0804-H,NEWCOLD
K064756-03Door_Frame,K064756-03,2107530,K064756/005,3,AL-0804-H,NEWCOLD
K064756-02Door_Frame,K064756-02,2107530,K064756/005,3,AL-0804-H,NEWCOLD
K064852-02Door_Leaf,K064852-02,2107530,K064852/003,2,VH-1414V (ATU),NEWCOLD
K064852-01Door_Leaf,K064852-01,2107530,K064852/003,2,VH-1414V (ATU),NEWCOLD
K064852-01Door_Panel,K064852-01,2107530,K064852/004,2,VH-1414V (ATU),NEWCOLD
K064852-02Door_Panel,K064852-02,2107530,K064852/004,2,VH-1414V (ATU),NEWCOLD
K064852-01Door_Frame,K064852-01,2107530,K064852/008,2,VH-1414V (ATU),NEWCOLD
K064852-02Door_Frame,K064852-02,2107530,K064852/008,2,VH-1414V (ATU),NEWCOLD
K064613-01Door_Leaf,K064613-01,2107530,K064613/003,1,VH-1414,NEWCOLD
K064613-01Door_Panel,K064613-01,2107530,K064613/004,1,VH-1414,NEWCOLD
K064613-01Door_Frame,K064613-01,2107530,K064613/007,1,VH-1414,NEWCOLD
K064807-01Door_Panel,K064807-01,2107530,K064807/004,1,VH-1414-stel,NEWCOLD
K064808-01Door_Panel,K064808-01,2107530,K064808/004,1,VH-1414-stel,NEWCOLD
K064810-01Door_Panel,K064810-01,2107530,K064810/004,1,VH-1414-stel,NEWCOLD
K064811-01Door_Panel,K064811-01,2107530,K064811/004,1,VH-1414-stel,NEWCOLD
K065465-02Door_Panel,K065465-02,2206546,K065465/004,2,AL-1010-H,NEW COLD
K065465-01Door_Panel,K065465-01,2206546,K065465/004,2,AL-1010-H,NEW COLD
K065469-05Door_Panel,K065469-05,2206546,K065469/005,8,AL-1010-H,NEW COLD
K065469-08Door_Panel,K065469-08,2206546,K065469/005,8,AL-1010-H,NEW COLD
K065469-03Door_Panel,K065469-03,2206546,K065469/005,8,AL-1010-H,NEW COLD
K065469-07Door_Panel,K065469-07,2206546,K065469/005,8,AL-1010-H,NEW COLD
K065469-01Door_Panel,K065469-01,2206546,K065469/005,8,AL-1010-H,NEW COLD
K065469-02Door_Panel,K065469-02,2206546,K065469/005,8,AL-1010-H,NEW COLD
K065469-04Door_Panel,K065469-04,2206546,K065469/005,8,AL-1010-H,NEW COLD
K065469-06Door_Panel,K065469-06,2206546,K065469/005,8,AL-1010-H,NEW COLD
K065469-01Door_Leaf,K065469-01,2206546,K065469/004,8,AL-1010-H,NEW COLD
K065469-02Door_Leaf,K065469-02,2206546,K065469/004,8,AL-1010-H,NEW COLD
K065469-04Door_Leaf,K065469-04,2206546,K065469/004,8,AL-1010-H,NEW COLD
K065469-06Door_Leaf,K065469-06,2206546,K065469/004,8,AL-1010-H,NEW COLD
K065469-03Door_Leaf,K065469-03,2206546,K065469/004,8,AL-1010-H,NEW COLD
K065469-08Door_Leaf,K065469-08,2206546,K065469/004,8,AL-1010-H,NEW COLD
K065469-05Door_Leaf,K065469-05,2206546,K065469/004,8,AL-1010-H,NEW COLD
K065469-07Door_Leaf,K065469-07,2206546,K065469/004,8,AL-1010-H,NEW COLD
K065469-07Door_Frame,K065469-07,2206546,K065469/006,8,AL-1010-H,NEW COLD
K065469-03Door_Frame,K065469-03,2206546,K065469/006,8,AL-1010-H,NEW COLD
K065469-05Door_Frame,K065469-05,2206546,K065469/006,8,AL-1010-H,NEW COLD
K065469-02Door_Frame,K065469-02,2206546,K065469/006,8,AL-1010-H,NEW COLD
K065469-01Door_Frame,K065469-01,2206546,K065469/006,8,AL-1010-H,NEW COLD
K065469-08Door_Frame,K065469-08,2206546,K065469/006,8,AL-1010-H,NEW COLD
K065469-06Door_Frame,K065469-06,2206546,K065469/006,8,AL-1010-H,NEW COLD
K065469-04Door_Frame,K065469-04,2206546,K065469/006,8,AL-1010-H,NEW COLD
K065471-01Door_Panel,K065471-01,2206546,K065471/006,3,VH-1414VK KIT,NEW COLD
K065471-03Door_Panel,K065471-03,2206546,K065471/006,3,VH-1414VK KIT,NEW COLD
K065471-02Door_Panel,K065471-02,2206546,K065471/006,3,VH-1414VK KIT,NEW COLD
K065472-02Door_Panel,K065472-02,2206546,K065472/006,3,VH-1414VK KIT,NEW COLD
K065472-01Door_Panel,K065472-01,2206546,K065472/006,3,VH-1414VK KIT,NEW COLD
K065472-03Door_Panel,K065472-03,2206546,K065472/006,3,VH-1414VK KIT,NEW COLD
K065465-01Door_Leaf,K065465-01,2206546,K065465/003,2,AL-1010-H,NEW COLD
K065465-02Door_Leaf,K065465-02,2206546,K065465/003,2,AL-1010-H,NEW COLD
K065465-02Door_Frame,K065465-02,2206546,K065465/005,2,AL-1010-H,NEW COLD
K065465-01Door_Frame,K065465-01,2206546,K065465/005,2,AL-1010-H,NEW COLD
K065470-15Door_Leaf,K065470-15,2206546,K065470/002,18,VH-1414VK KIT,NEW COLD
K065470-14Door_Leaf,K065470-14,2206546,K065470/002,18,VH-1414VK KIT,NEW COLD
K065470-13Door_Leaf,K065470-13,2206546,K065470/002,18,VH-1414VK KIT,NEW COLD
K065470-12Door_Leaf,K065470-12,2206546,K065470/002,18,VH-1414VK KIT,NEW COLD
K065470-11Door_Leaf,K065470-11,2206546,K065470/002,18,VH-1414VK KIT,NEW COLD
K065470-10Door_Leaf,K065470-10,2206546,K065470/002,18,VH-1414VK KIT,NEW COLD
K065470-09Door_Leaf,K065470-09,2206546,K065470/002,18,VH-1414VK KIT,NEW COLD
K065470-08Door_Leaf,K065470-08,2206546,K065470/002,18,VH-1414VK KIT,NEW COLD
K065470-07Door_Leaf,K065470-07,2206546,K065470/002,18,VH-1414VK KIT,NEW COLD
K065470-06Door_Leaf,K065470-06,2206546,K065470/002,18,VH-1414VK KIT,NEW COLD
K065470-04Door_Leaf,K065470-04,2206546,K065470/002,18,VH-1414VK KIT,NEW COLD
K065470-03Door_Leaf,K065470-03,2206546,K065470/002,18,VH-1414VK KIT,NEW COLD
K065470-02Door_Leaf,K065470-02,2206546,K065470/002,18,VH-1414VK KIT,NEW COLD
K065470-01Door_Leaf,K065470-01,2206546,K065470/002,18,VH-1414VK KIT,NEW COLD
K065470-05Door_Leaf,K065470-05,2206546,K065470/002,18,VH-1414VK KIT,NEW COLD
K065470-18Door_Leaf,K065470-18,2206546,K065470/002,18,VH-1414VK KIT,NEW COLD
K065470-17Door_Leaf,K065470-17,2206546,K065470/002,18,VH-1414VK KIT,NEW COLD
K065470-16Door_Leaf,K065470-16,2206546,K065470/002,18,VH-1414VK KIT,NEW COLD
K065470-15Door_Panel,K065470-15,2206546,K065470/006,18,VH-1414VK KIT,NEW COLD
K065470-05Door_Panel,K065470-05,2206546,K065470/006,18,VH-1414VK KIT,NEW COLD
K065470-01Door_Panel,K065470-01,2206546,K065470/006,18,VH-1414VK KIT,NEW COLD
K065470-02Door_Panel,K065470-02,2206546,K065470/006,18,VH-1414VK KIT,NEW COLD
K065470-03Door_Panel,K065470-03,2206546,K065470/006,18,VH-1414VK KIT,NEW COLD
K065470-06Door_Panel,K065470-06,2206546,K065470/006,18,VH-1414VK KIT,NEW COLD
K065470-07Door_Panel,K065470-07,2206546,K065470/006,18,VH-1414VK KIT,NEW COLD
K065470-08Door_Panel,K065470-08,2206546,K065470/006,18,VH-1414VK KIT,NEW COLD
K065470-09Door_Panel,K065470-09,2206546,K065470/006,18,VH-1414VK KIT,NEW COLD
K065470-10Door_Panel,K065470-10,2206546,K065470/006,18,VH-1414VK KIT,NEW COLD
K065470-11Door_Panel,K065470-11,2206546,K065470/006,18,VH-1414VK KIT,NEW COLD
K065470-12Door_Panel,K065470-12,2206546,K065470/006,18,VH-1414VK KIT,NEW COLD
K065470-13Door_Panel,K065470-13,2206546,K065470/006,18,VH-1414VK KIT,NEW COLD
K065470-14Door_Panel,K065470-14,2206546,K065470/006,18,VH-1414VK KIT,NEW COLD
K065470-04Door_Panel,K065470-04,2206546,K065470/006,18,VH-1414VK KIT,NEW COLD
K065470-16Door_Panel,K065470-16,2206546,K065470/006,18,VH-1414VK KIT,NEW COLD
K065470-17Door_Panel,K065470-17,2206546,K065470/006,18,VH-1414VK KIT,NEW COLD
K065470-18Door_Panel,K065470-18,2206546,K065470/006,18,VH-1414VK KIT,NEW COLD
K065470-02Door_Frame,K065470-02,2206546,K065470/007,18,VH-1414VK KIT,NEW COLD
K065470-09Door_Frame,K065470-09,2206546,K065470/007,18,VH-1414VK KIT,NEW COLD
K065470-08Door_Frame,K065470-08,2206546,K065470/007,18,VH-1414VK KIT,NEW COLD
K065470-07Door_Frame,K065470-07,2206546,K065470/007,18,VH-1414VK KIT,NEW COLD
K065470-01Door_Frame,K065470-01,2206546,K065470/007,18,VH-1414VK KIT,NEW COLD
K065470-05Door_Frame,K065470-05,2206546,K065470/007,18,VH-1414VK KIT,NEW COLD
K065470-03Door_Frame,K065470-03,2206546,K065470/007,18,VH-1414VK KIT,NEW COLD
K065470-04Door_Frame,K065470-04,2206546,K065470/007,18,VH-1414VK KIT,NEW COLD
K065470-06Door_Frame,K065470-06,2206546,K065470/007,18,VH-1414VK KIT,NEW COLD
K065470-18Door_Frame,K065470-18,2206546,K065470/007,18,VH-1414VK KIT,NEW COLD
K065470-17Door_Frame,K065470-17,2206546,K065470/007,18,VH-1414VK KIT,NEW COLD
K065470-16Door_Frame,K065470-16,2206546,K065470/007,18,VH-1414VK KIT,NEW COLD
K065470-15Door_Frame,K065470-15,2206546,K065470/007,18,VH-1414VK KIT,NEW COLD
K065470-14Door_Frame,K065470-14,2206546,K065470/007,18,VH-1414VK KIT,NEW COLD
K065470-13Door_Frame,K065470-13,2206546,K065470/007,18,VH-1414VK KIT,NEW COLD
K065470-12Door_Frame,K065470-12,2206546,K065470/007,18,VH-1414VK KIT,NEW COLD
K065470-11Door_Frame,K065470-11,2206546,K065470/007,18,VH-1414VK KIT,NEW COLD
K065470-10Door_Frame,K065470-10,2206546,K065470/007,18,VH-1414VK KIT,NEW COLD
K065473-01Door_Leaf,K065473-01,2206546,K065473/003,2,VH-1414VK,NEW COLD
K065473-02Door_Leaf,K065473-02,2206546,K065473/003,2,VH-1414VK,NEW COLD
K065473-02Door_Panel,K065473-02,2206546,K065473/005,2,VH-1414VK,NEW COLD
K065473-01Door_Panel,K065473-01,2206546,K065473/005,2,VH-1414VK,NEW COLD
K065473-02Door_Frame,K065473-02,2206546,K065473/008,2,VH-1414VK,NEW COLD
K065473-01Door_Frame,K065473-01,2206546,K065473/008,2,VH-1414VK,NEW COLD
K065946-05Door_Panel,K065946-05,2301472,K065946/004,5,KHG-1810 KIT,AMERONGEN
K065946-02Door_Panel,K065946-02,2301472,K065946/004,5,KHG-1810 KIT,AMERONGEN
K065946-04Door_Panel,K065946-04,2301472,K065946/004,5,KHG-1810 KIT,AMERONGEN
K065946-01Door_Panel,K065946-01,2301472,K065946/004,5,KHG-1810 KIT,AMERONGEN
K065946-03Door_Panel,K065946-03,2301472,K065946/004,5,KHG-1810 KIT,AMERONGEN
K065947-05Door_Panel,K065947-05,2301472,K065947/004,5,KHG-1810 KIT,AMERONGEN
K065947-02Door_Panel,K065947-02,2301472,K065947/004,5,KHG-1810 KIT,AMERONGEN
K065947-04Door_Panel,K065947-04,2301472,K065947/004,5,KHG-1810 KIT,AMERONGEN
K065947-03Door_Panel,K065947-03,2301472,K065947/004,5,KHG-1810 KIT,AMERONGEN
K065947-01Door_Panel,K065947-01,2301472,K065947/004,5,KHG-1810 KIT,AMERONGEN
K065471-01Door_Leaf,K065471-01,2206546,K065471/002,3,VH-1414VK KIT,NEW COLD
K065471-03Door_Leaf,K065471-03,2206546,K065471/002,3,VH-1414VK KIT,NEW COLD
K065471-02Door_Leaf,K065471-02,2206546,K065471/002,3,VH-1414VK KIT,NEW COLD
K065471-03Door_Frame,K065471-03,2206546,K065471/008,3,VH-1414VK KIT,NEW COLD
K065471-02Door_Frame,K065471-02,2206546,K065471/008,3,VH-1414VK KIT,NEW COLD
K065471-01Door_Frame,K065471-01,2206546,K065471/008,3,VH-1414VK KIT,NEW COLD
K065472-02Door_Leaf,K065472-02,2206546,K065472/002,3,VH-1414VK KIT,NEW COLD
K065472-03Door_Leaf,K065472-03,2206546,K065472/002,3,VH-1414VK KIT,NEW COLD
K065472-01Door_Leaf,K065472-01,2206546,K065472/002,3,VH-1414VK KIT,NEW COLD
K065472-02Door_Frame,K065472-02,2206546,K065472/008,3,VH-1414VK KIT,NEW COLD
K065472-01Door_Frame,K065472-01,2206546,K065472/008,3,VH-1414VK KIT,NEW COLD
K065472-03Door_Frame,K065472-03,2206546,K065472/008,3,VH-1414VK KIT,NEW COLD
K064807-01Door_Leaf,K064807-01,2107530,K064807/003,1,VH-1414-stel,NEWCOLD
K064807-01Door_Frame,K064807-01,2107530,K064807/007,1,VH-1414-stel,NEWCOLD
K064808-01Door_Leaf,K064808-01,2107530,K064808/003,1,VH-1414-stel,NEWCOLD
K064808-01Door_Frame,K064808-01,2107530,K064808/007,1,VH-1414-stel,NEWCOLD
K064810-01Door_Leaf,K064810-01,2107530,K064810/003,1,VH-1414-stel,NEWCOLD
K064810-01Door_Frame,K064810-01,2107530,K064810/007,1,VH-1414-stel,NEWCOLD
K064811-01Door_Leaf,K064811-01,2107530,K064811/003,1,VH-1414-stel,NEWCOLD
K064811-01Door_Frame,K064811-01,2107530,K064811/007,1,VH-1414-stel,NEWCOLD
K065904-02Door_Leaf,K065904-02,2305167,K065904/002,4,KHG-1810 KIT,STOREX
K065904-01Door_Leaf,K065904-01,2305167,K065904/002,4,KHG-1810 KIT,STOREX
K065904-04Door_Leaf,K065904-04,2305167,K065904/002,4,KHG-1810 KIT,STOREX
K065904-03Door_Leaf,K065904-03,2305167,K065904/002,4,KHG-1810 KIT,STOREX
K065904-03Door_Panel,K065904-03,2305167,K065904/004,4,KHG-1810 KIT,STOREX
K065904-04Door_Panel,K065904-04,2305167,K065904/004,4,KHG-1810 KIT,STOREX
K065904-02Door_Panel,K065904-02,2305167,K065904/004,4,KHG-1810 KIT,STOREX
K065904-01Door_Panel,K065904-01,2305167,K065904/004,4,KHG-1810 KIT,STOREX
K065904-02Door_Frame,K065904-02,2305167,K065904/006,4,KHG-1810 KIT,STOREX
K065904-01Door_Frame,K065904-01,2305167,K065904/006,4,KHG-1810 KIT,STOREX
K065904-03Door_Frame,K065904-03,2305167,K065904/006,4,KHG-1810 KIT,STOREX
K065904-04Door_Frame,K065904-04,2305167,K065904/006,4,KHG-1810 KIT,STOREX
K065946-05Door_Leaf,K065946-05,2301472,K065946/002,5,KHG-1810 KIT,AMERONGEN
K065946-01Door_Leaf,K065946-01,2301472,K065946/002,5,KHG-1810 KIT,AMERONGEN
K065946-03Door_Leaf,K065946-03,2301472,K065946/002,5,KHG-1810 KIT,AMERONGEN
K065946-02Door_Leaf,K065946-02,2301472,K065946/002,5,KHG-1810 KIT,AMERONGEN
K065946-04Door_Leaf,K065946-04,2301472,K065946/002,5,KHG-1810 KIT,AMERONGEN
K065946-04Door_Frame,K065946-04,2301472,K065946/007,5,KHG-1810 KIT,AMERONGEN
K065946-01Door_Frame,K065946-01,2301472,K065946/007,5,KHG-1810 KIT,AMERONGEN
K065946-02Door_Frame,K065946-02,2301472,K065946/007,5,KHG-1810 KIT,AMERONGEN
K065946-03Door_Frame,K065946-03,2301472,K065946/007,5,KHG-1810 KIT,AMERONGEN
K065946-05Door_Frame,K065946-05,2301472,K065946/007,5,KHG-1810 KIT,AMERONGEN
K065947-04Door_Leaf,K065947-04,2301472,K065947/002,5,KHG-1810 KIT,AMERONGEN
K065947-05Door_Leaf,K065947-05,2301472,K065947/002,5,KHG-1810 KIT,AMERONGEN
K065947-03Door_Leaf,K065947-03,2301472,K065947/002,5,KHG-1810 KIT,AMERONGEN
K065947-02Door_Leaf,K065947-02,2301472,K065947/002,5,KHG-1810 KIT,AMERONGEN
K065947-01Door_Leaf,K065947-01,2301472,K065947/002,5,KHG-1810 KIT,AMERONGEN
K065947-02Door_Frame,K065947-02,2301472,K065947/007,5,KHG-1810 KIT,AMERONGEN
K065947-03Door_Frame,K065947-03,2301472,K065947/007,5,KHG-1810 KIT,AMERONGEN
K065947-01Door_Frame,K065947-01,2301472,K065947/007,5,KHG-1810 KIT,AMERONGEN
K065947-04Door_Frame,K065947-04,2301472,K065947/007,5,KHG-1810 KIT,AMERONGEN
K065947-05Door_Frame,K065947-05,2301472,K065947/007,5,KHG-1810 KIT,AMERONGEN
K065455-04Door_Leaf,K065455-04,2206546,K065455/002,6,VD-1810,NEW COLD
K065455-05Door_Leaf,K065455-05,2206546,K065455/002,6,VD-1810,NEW COLD
K065455-02Door_Leaf,K065455-02,2206546,K065455/002,6,VD-1810,NEW COLD
K065455-01Door_Leaf,K065455-01,2206546,K065455/002,6,VD-1810,NEW COLD
K065455-03Door_Leaf,K065455-03,2206546,K065455/002,6,VD-1810,NEW COLD
K065455-06Door_Leaf,K065455-06,2206546,K065455/002,6,VD-1810,NEW COLD
K065455-04Door_Frame,K065455-04,2206546,K065455/005,6,VD-1810,NEW COLD
K065455-02Door_Frame,K065455-02,2206546,K065455/005,6,VD-1810,NEW COLD
K065455-01Door_Frame,K065455-01,2206546,K065455/005,6,VD-1810,NEW COLD
K065455-03Door_Frame,K065455-03,2206546,K065455/005,6,VD-1810,NEW COLD
K065455-06Door_Frame,K065455-06,2206546,K065455/005,6,VD-1810,NEW COLD
K065455-05Door_Frame,K065455-05,2206546,K065455/005,6,VD-1810,NEW COLD
K065820-08Door_Leaf,K065820-08,2206546,K065820/002,10,VD-1815,NEW COLD
K065820-09Door_Leaf,K065820-09,2206546,K065820/002,10,VD-1815,NEW COLD
K065820-06Door_Leaf,K065820-06,2206546,K065820/002,10,VD-1815,NEW COLD
K065820-10Door_Leaf,K065820-10,2206546,K065820/002,10,VD-1815,NEW COLD
K065820-05Door_Leaf,K065820-05,2206546,K065820/002,10,VD-1815,NEW COLD
K065820-04Door_Leaf,K065820-04,2206546,K065820/002,10,VD-1815,NEW COLD
K065820-03Door_Leaf,K065820-03,2206546,K065820/002,10,VD-1815,NEW COLD
K065820-02Door_Leaf,K065820-02,2206546,K065820/002,10,VD-1815,NEW COLD
K065820-01Door_Leaf,K065820-01,2206546,K065820/002,10,VD-1815,NEW COLD
K065820-07Door_Leaf,K065820-07,2206546,K065820/002,10,VD-1815,NEW COLD
K065820-02Door_Frame,K065820-02,2206546,K065820/005,10,VD-1815,NEW COLD
K065820-04Door_Frame,K065820-04,2206546,K065820/005,10,VD-1815,NEW COLD
K065820-05Door_Frame,K065820-05,2206546,K065820/005,10,VD-1815,NEW COLD
K065820-01Door_Frame,K065820-01,2206546,K065820/005,10,VD-1815,NEW COLD
K065820-10Door_Frame,K065820-10,2206546,K065820/005,10,VD-1815,NEW COLD
K065820-09Door_Frame,K065820-09,2206546,K065820/005,10,VD-1815,NEW COLD
K065820-06Door_Frame,K065820-06,2206546,K065820/005,10,VD-1815,NEW COLD
K065820-08Door_Frame,K065820-08,2206546,K065820/005,10,VD-1815,NEW COLD
K065820-07Door_Frame,K065820-07,2206546,K065820/005,10,VD-1815,NEW COLD
K065820-03Door_Frame,K065820-03,2206546,K065820/005,10,VD-1815,NEW COLD
K065587-02Door_Leaf,K065587-02,2300414,K065587/003,2,AL-0804-H,NEWCOLD
K065587-01Door_Leaf,K065587-01,2300414,K065587/003,2,AL-0804-H,NEWCOLD
K065587-01Door_Panel,K065587-01,2300414,K065587/004,2,AL-0804-H,NEWCOLD
K065587-02Door_Panel,K065587-02,2300414,K065587/004,2,AL-0804-H,NEWCOLD
K065587-01Door_Frame,K065587-01,2300414,K065587/005,2,AL-0804-H,NEWCOLD
K065587-02Door_Frame,K065587-02,2300414,K065587/005,2,AL-0804-H,NEWCOLD
K065588-01Door_Leaf,K065588-01,2300414,K065588/003,1,AL-0804-H,NEWCOLD
K065588-01Door_Panel,K065588-01,2300414,K065588/004,1,AL-0804-H,NEWCOLD
K065588-01Door_Frame,K065588-01,2300414,K065588/005,1,AL-0804-H,NEWCOLD
K065454-04Door_Leaf,K065454-04,2206546,K065454/002,5,VD-1810,NEW COLD
K065454-03Door_Leaf,K065454-03,2206546,K065454/002,5,VD-1810,NEW COLD
K065454-02Door_Leaf,K065454-02,2206546,K065454/002,5,VD-1810,NEW COLD
K065454-01Door_Leaf,K065454-01,2206546,K065454/002,5,VD-1810,NEW COLD
K065454-05Door_Leaf,K065454-05,2206546,K065454/002,5,VD-1810,NEW COLD
K065454-05Door_Frame,K065454-05,2206546,K065454/005,5,VD-1810,NEW COLD
K065454-01Door_Frame,K065454-01,2206546,K065454/005,5,VD-1810,NEW COLD
K065454-04Door_Frame,K065454-04,2206546,K065454/005,5,VD-1810,NEW COLD
K065454-02Door_Frame,K065454-02,2206546,K065454/005,5,VD-1810,NEW COLD
K065454-03Door_Frame,K065454-03,2206546,K065454/005,5,VD-1810,NEW COLD
K066241-01Door_Leaf,K066241-01,2206546,K066241/002,1,VD-1810,NEW COLD
K066241-01Door_Frame,K066241-01,2206546,K066241/005,1,VD-1810,NEW COLD
K066242-01Door_Leaf,K066242-01,2206546,K066242/002,1,VD-1815,NEW COLD
K066242-01Door_Frame,K066242-01,2206546,K066242/005,1,VD-1815,NEW COLD
K066170-01Door_Leaf,K066170-01,2300414,K066170/003,4,VH-1414V (ATU),NEWCOLD
K066170-02Door_Leaf,K066170-02,2300414,K066170/003,4,VH-1414V (ATU),NEWCOLD
K066170-03Door_Leaf,K066170-03,2300414,K066170/003,4,VH-1414V (ATU),NEWCOLD
K066170-04Door_Leaf,K066170-04,2300414,K066170/003,4,VH-1414V (ATU),NEWCOLD
K066170-01Door_Panel,K066170-01,2300414,K066170/005,4,VH-1414V (ATU),NEWCOLD
K066170-02Door_Panel,K066170-02,2300414,K066170/005,4,VH-1414V (ATU),NEWCOLD
K066170-03Door_Panel,K066170-03,2300414,K066170/005,4,VH-1414V (ATU),NEWCOLD
K066170-04Door_Panel,K066170-04,2300414,K066170/005,4,VH-1414V (ATU),NEWCOLD
K066170-03Door_Frame,K066170-03,2300414,K066170/008,4,VH-1414V (ATU),NEWCOLD
K066170-01Door_Frame,K066170-01,2300414,K066170/008,4,VH-1414V (ATU),NEWCOLD
K066170-02Door_Frame,K066170-02,2300414,K066170/008,4,VH-1414V (ATU),NEWCOLD
K066170-04Door_Frame,K066170-04,2300414,K066170/008,4,VH-1414V (ATU),NEWCOLD
K066253-01Door_Leaf,K066253-01,2305632,K066253/003,1,KH-1010,PICNIC
K066253-01Door_Panel,K066253-01,2305632,K066253/004,1,KH-1010,PICNIC
K066253-01Door_Frame,K066253-01,2305632,K066253/007,1,KH-1010,PICNIC
K066258-01Door_Leaf,K066258-01,2305959,K066258/002,2,VH-1414V,GIVA
K066258-02Door_Leaf,K066258-02,2305959,K066258/002,2,VH-1414V,GIVA
K066258-02Door_Panel,K066258-02,2305959,K066258/005,2,VH-1414V,GIVA
K066258-01Door_Panel,K066258-01,2305959,K066258/005,2,VH-1414V,GIVA
K066258-02Door_Frame,K066258-02,2305959,K066258/006,2,VH-1414V,GIVA
K066258-01Door_Frame,K066258-01,2305959,K066258/006,2,VH-1414V,GIVA
K066207-01Door_Leaf,K066207-01,2306343,K066207/002,2,KHG-1810 KIT,AMERONGEN
K066207-02Door_Leaf,K066207-02,2306343,K066207/002,2,KHG-1810 KIT,AMERONGEN
K066207-02Door_Panel,K066207-02,2306343,K066207/004,2,KHG-1810 KIT,AMERONGEN
K066207-01Door_Panel,K066207-01,2306343,K066207/004,2,KHG-1810 KIT,AMERONGEN
K066207-01Door_Frame,K066207-01,2306343,K066207/007,2,KHG-1810 KIT,AMERONGEN
K066207-02Door_Frame,K066207-02,2306343,K066207/007,2,KHG-1810 KIT,AMERONGEN
K066208-02Door_Leaf,K066208-02,2306343,K066208/002,2,KHG-1810 KIT,AMERONGEN
K066208-01Door_Leaf,K066208-01,2306343,K066208/002,2,KHG-1810 KIT,AMERONGEN
K066208-01Door_Panel,K066208-01,2306343,K066208/004,2,KHG-1810 KIT,AMERONGEN
K066208-02Door_Panel,K066208-02,2306343,K066208/004,2,KHG-1810 KIT,AMERONGEN
K066208-01Door_Frame,K066208-01,2306343,K066208/007,2,KHG-1810 KIT,AMERONGEN
K066208-02Door_Frame,K066208-02,2306343,K066208/007,2,KHG-1810 KIT,AMERONGEN
K066154-03Door_Leaf,K066154-03,2301779,K066154/003,5,AL-1414-VK,LOCKS
K066154-04Door_Leaf,K066154-04,2301779,K066154/003,5,AL-1414-VK,LOCKS
K066154-01Door_Leaf,K066154-01,2301779,K066154/003,5,AL-1414-VK,LOCKS
K066154-05Door_Leaf,K066154-05,2301779,K066154/003,5,AL-1414-VK,LOCKS
K066154-02Door_Leaf,K066154-02,2301779,K066154/003,5,AL-1414-VK,LOCKS
K066154-05Door_Panel,K066154-05,2301779,K066154/004,5,AL-1414-VK,LOCKS
K066154-03Door_Panel,K066154-03,2301779,K066154/004,5,AL-1414-VK,LOCKS
K066154-02Door_Panel,K066154-02,2301779,K066154/004,5,AL-1414-VK,LOCKS
K066154-04Door_Panel,K066154-04,2301779,K066154/004,5,AL-1414-VK,LOCKS
K066154-01Door_Panel,K066154-01,2301779,K066154/004,5,AL-1414-VK,LOCKS
K066154-04Door_Frame,K066154-04,2301779,K066154/005,5,AL-1414-VK,LOCKS
K066154-05Door_Frame,K066154-05,2301779,K066154/005,5,AL-1414-VK,LOCKS
K066154-02Door_Frame,K066154-02,2301779,K066154/005,5,AL-1414-VK,LOCKS
K066154-01Door_Frame,K066154-01,2301779,K066154/005,5,AL-1414-VK,LOCKS
K066154-03Door_Frame,K066154-03,2301779,K066154/005,5,AL-1414-VK,LOCKS
K066220-01Door_Leaf,K066220-01,2305359,K066220/003,1,VH-1414,MILLER
K066220-01Door_Panel,K066220-01,2305359,K066220/004,1,VH-1414,MILLER
K066220-01Door_Frame,K066220-01,2305359,K066220/007,1,VH-1414,MILLER
K066043-02Door_Leaf,K066043-02,2305632,K066043/003,3,KS-1810,PICNIC
K066043-03Door_Leaf,K066043-03,2305632,K066043/003,3,KS-1810,PICNIC
K066043-01Door_Leaf,K066043-01,2305632,K066043/003,3,KS-1810,PICNIC
K066043-01Door_Frame,K066043-01,2305632,K066043/008,3,KS-1810,PICNIC
K066043-03Door_Frame,K066043-03,2305632,K066043/008,3,KS-1810,PICNIC
K066043-02Door_Frame,K066043-02,2305632,K066043/008,3,KS-1810,PICNIC
K066340-01Door_Leaf,K066340-01,2305487,K066340/003,1,AL-1414-H,HOMIFREEZ
K066340-01Door_Panel,K066340-01,2305487,K066340/004,1,AL-1414-H,HOMIFREEZ
K066340-01Door_Frame,K066340-01,2305487,K066340/005,1,AL-1414-H,HOMIFREEZ
K066344-01Door_Leaf,K066344-01,2306034,K066344/003,1,BSD-0804,PLUG PROVE
K066344-01Door_Panel,K066344-01,2306034,K066344/004,1,BSD-0804,PLUG PROVE
K066344-01Door_Frame,K066344-01,2306034,K066344/007,1,BSD-0804,PLUG PROVE
K066325-02Door_Leaf,K066325-02,2305359,K066325/003,2,KS-1810,MILLER
K066325-01Door_Leaf,K066325-01,2305359,K066325/003,2,KS-1810,MILLER
K066325-02Door_Frame,K066325-02,2305359,K066325/008,2,KS-1810,MILLER
K066325-01Door_Frame,K066325-01,2305359,K066325/008,2,KS-1810,MILLER
K066319-01Door_Leaf,K066319-01,2304961,K066319/003,1,KS-1810,SALCO
K066319-01Door_Frame,K066319-01,2304961,K066319/007,1,KS-1810,SALCO
K066304-04Door_Leaf,K066304-04,2306303,K066304/003,4,KH-1010,SPECIAL
K066304-01Door_Leaf,K066304-01,2306303,K066304/003,4,KH-1010,SPECIAL
K066304-02Door_Leaf,K066304-02,2306303,K066304/003,4,KH-1010,SPECIAL
K066304-03Door_Leaf,K066304-03,2306303,K066304/003,4,KH-1010,SPECIAL
K066304-02Door_Panel,K066304-02,2306303,K066304/004,4,KH-1010,SPECIAL
K066304-01Door_Panel,K066304-01,2306303,K066304/004,4,KH-1010,SPECIAL
K066304-04Door_Panel,K066304-04,2306303,K066304/004,4,KH-1010,SPECIAL
K066304-03Door_Panel,K066304-03,2306303,K066304/004,4,KH-1010,SPECIAL
K066304-03Door_Frame,K066304-03,2306303,K066304/007,4,KH-1010,SPECIAL
K066304-02Door_Frame,K066304-02,2306303,K066304/007,4,KH-1010,SPECIAL
K066304-04Door_Frame,K066304-04,2306303,K066304/007,4,KH-1010,SPECIAL
K066304-01Door_Frame,K066304-01,2306303,K066304/007,4,KH-1010,SPECIAL
K066187-03Door_Leaf,K066187-03,2305681,K066187/002,3,BD-1804 STEL,
K066187-02Door_Leaf,K066187-02,2305681,K066187/002,3,BD-1804 STEL,
K066187-01Door_Leaf,K066187-01,2305681,K066187/002,3,BD-1804 STEL,
K066187-02Door_Frame,K066187-02,2305681,K066187/005,3,BD-1804 STEL,
K066187-03Door_Frame,K066187-03,2305681,K066187/005,3,BD-1804 STEL,
K066187-01Door_Frame,K066187-01,2305681,K066187/005,3,BD-1804 STEL,
X013581-01Door_Frame,X013581-01,2305788,X013581/002,1,KOZIJN,GEERLOFS
K066306-01Door_Leaf,K066306-01,2306429,K066306/002,1,KH-1010 KIT,PRINS
K066306-01Door_Panel,K066306-01,2306429,K066306/004,1,KH-1010 KIT,PRINS
K066306-01Door_Frame,K066306-01,2306429,K066306/006,1,KH-1010 KIT,PRINS
K066360-01Door_Leaf,K066360-01,2306627,K066360/003,1,KH-1010,CHAKIRS
K066360-01Door_Panel,K066360-01,2306627,K066360/004,1,KH-1010,CHAKIRS
K066361-01Door_Leaf,K066361-01,2306627,K066361/003,1,KH-1010,CHAKIRS
K066361-01Door_Panel,K066361-01,2306627,K066361/004,1,KH-1010,CHAKIRS
K066362-01Door_Leaf,K066362-01,2306627,K066362/003,1,VH-1414,CHAKIRS
K066362-01Door_Panel,K066362-01,2306627,K066362/004,1,VH-1414,CHAKIRS
K066329-05Door_Leaf,K066329-05,2302140,K066329/003,5,AL-1414-H,CLAREBOUT
K066329-01Door_Leaf,K066329-01,2302140,K066329/003,5,AL-1414-H,CLAREBOUT
K066329-04Door_Leaf,K066329-04,2302140,K066329/003,5,AL-1414-H,CLAREBOUT
K066329-02Door_Leaf,K066329-02,2302140,K066329/003,5,AL-1414-H,CLAREBOUT
K066329-03Door_Leaf,K066329-03,2302140,K066329/003,5,AL-1414-H,CLAREBOUT
K066329-03Door_Panel,K066329-03,2302140,K066329/004,5,AL-1414-H,CLAREBOUT
K066329-04Door_Panel,K066329-04,2302140,K066329/004,5,AL-1414-H,CLAREBOUT
K066329-05Door_Panel,K066329-05,2302140,K066329/004,5,AL-1414-H,CLAREBOUT
K066329-01Door_Panel,K066329-01,2302140,K066329/004,5,AL-1414-H,CLAREBOUT
K066329-02Door_Panel,K066329-02,2302140,K066329/004,5,AL-1414-H,CLAREBOUT
K066333-01Door_Leaf,K066333-01,2302140,K066333/003,2,AL-1414-H,CLAREBOUT
K066333-02Door_Leaf,K066333-02,2302140,K066333/003,2,AL-1414-H,CLAREBOUT
K066333-02Door_Panel,K066333-02,2302140,K066333/004,2,AL-1414-H,CLAREBOUT
K066333-01Door_Panel,K066333-01,2302140,K066333/004,2,AL-1414-H,CLAREBOUT
K066338-03Door_Leaf,K066338-03,2302140,K066338/003,4,AL-1414-H,CLAREBOUT
K066338-02Door_Leaf,K066338-02,2302140,K066338/003,4,AL-1414-H,CLAREBOUT
K066338-04Door_Leaf,K066338-04,2302140,K066338/003,4,AL-1414-H,CLAREBOUT
K066338-01Door_Leaf,K066338-01,2302140,K066338/003,4,AL-1414-H,CLAREBOUT
K066338-02Door_Panel,K066338-02,2302140,K066338/004,4,AL-1414-H,CLAREBOUT
K066338-04Door_Panel,K066338-04,2302140,K066338/004,4,AL-1414-H,CLAREBOUT
K066338-03Door_Panel,K066338-03,2302140,K066338/004,4,AL-1414-H,CLAREBOUT
K066338-01Door_Panel,K066338-01,2302140,K066338/004,4,AL-1414-H,CLAREBOUT
K066339-01Door_Leaf,K066339-01,2302140,K066339/003,1,AL-1414-H,CLAREBOUT
K066339-01Door_Panel,K066339-01,2302140,K066339/004,1,AL-1414-H,CLAREBOUT
K066346-01Door_Leaf,K066346-01,2302140,K066346/003,1,VH-1414,CLAREBOUT
K066346-01Door_Panel,K066346-01,2302140,K066346/004,1,VH-1414,CLAREBOUT
K066352-01Door_Leaf,K066352-01,2302140,K066352/003,3,VH-1414V (ATU),CLAREBOUT
K066352-03Door_Leaf,K066352-03,2302140,K066352/003,3,VH-1414V (ATU),CLAREBOUT
K066352-02Door_Leaf,K066352-02,2302140,K066352/003,3,VH-1414V (ATU),CLAREBOUT
K066352-03Door_Panel,K066352-03,2302140,K066352/005,3,VH-1414V (ATU),CLAREBOUT
K066352-02Door_Panel,K066352-02,2302140,K066352/005,3,VH-1414V (ATU),CLAREBOUT
K066352-01Door_Panel,K066352-01,2302140,K066352/005,3,VH-1414V (ATU),CLAREBOUT
K066355-01Door_Leaf,K066355-01,2302140,K066355/003,2,AL-1414-VK,CLAREBOUT
K066355-02Door_Leaf,K066355-02,2302140,K066355/003,2,AL-1414-VK,CLAREBOUT
K066355-02Door_Panel,K066355-02,2302140,K066355/004,2,AL-1414-VK,CLAREBOUT
K066355-01Door_Panel,K066355-01,2302140,K066355/004,2,AL-1414-VK,CLAREBOUT
K066441-01Door_Leaf,K066441-01,2306935,K066441/003,1,KH-1010,KAABEE
K066441-01Door_Panel,K066441-01,2306935,K066441/004,1,KH-1010,KAABEE
K066454-01Door_Leaf,K066454-01,2306303,K066454/003,5,KH-1010,SPECIAL
K066454-05Door_Leaf,K066454-05,2306303,K066454/003,5,KH-1010,SPECIAL
K066454-04Door_Leaf,K066454-04,2306303,K066454/003,5,KH-1010,SPECIAL
K066454-03Door_Leaf,K066454-03,2306303,K066454/003,5,KH-1010,SPECIAL
K066454-02Door_Leaf,K066454-02,2306303,K066454/003,5,KH-1010,SPECIAL
K066454-02Door_Panel,K066454-02,2306303,K066454/005,5,KH-1010,SPECIAL
K066454-03Door_Panel,K066454-03,2306303,K066454/005,5,KH-1010,SPECIAL
K066454-04Door_Panel,K066454-04,2306303,K066454/005,5,KH-1010,SPECIAL
K066454-05Door_Panel,K066454-05,2306303,K066454/005,5,KH-1010,SPECIAL
K066454-01Door_Panel,K066454-01,2306303,K066454/005,5,KH-1010,SPECIAL
K066334-01Door_Leaf,K066334-01,2302688,K066334/002,1,VD-1810,VARIK
K066336-01Door_Leaf,K066336-01,2302688,K066336/002,1,VD-1810,VARIK
K066337-02Door_Leaf,K066337-02,2302688,K066337/002,2,VD-1810,VARIK
K066337-01Door_Leaf,K066337-01,2302688,K066337/002,2,VD-1810,VARIK
K066427-01Door_Leaf,K066427-01,2306303,K066427/002,1,BD-1804,SPECIAL
K066427-01Door_Frame,K066427-01,2306303,K066427/006,1,BD-1804,SPECIAL
K066429-01Door_Leaf,K066429-01,2306303,K066429/002,1,BD-1804,SPECIAL
K066429-01Door_Frame,K066429-01,2306303,K066429/006,1,BD-1804,SPECIAL
U051595-01Door_Leaf,U051595-01,2203059,U051595/002,1,KD-1810,HOUT
U051595-01Door_Frame,U051595-01,2203059,U051595/005,1,KD-1810,HOUT
K066387-01Door_Leaf,K066387-01,2305679,K066387/002,1,KD-1810,KROM
K066387-01Door_Frame,K066387-01,2305679,K066387/005,1,KD-1810,KROM
K065551-01Door_Panel,K065551-01,2302267,K065551/004,3,VH-1414 STEL,LINEAGE
K065551-03Door_Panel,K065551-03,2302267,K065551/004,3,VH-1414 STEL,LINEAGE
K065551-02Door_Panel,K065551-02,2302267,K065551/004,3,VH-1414 STEL,LINEAGE
K066377-01Door_Leaf,K066377-01,2305860,K066377/002,1,VD-1810,OORLOG
K066377-01Door_Frame,K066377-01,2305860,K066377/005,1,VD-1810,OORLOG
K066378-01Door_Leaf,K066378-01,2305860,K066378/002,1,KD-1810,OORLOG
K066378-01Door_Frame,K066378-01,2305860,K066378/005,1,KD-1810,OORLOG
K066522-01Door_Leaf,K066522-01,2307313,K066522/003,1,NI-1610,SALCO
K066522-01Door_Panel,K066522-01,2307313,K066522/004,1,NI-1610,SALCO
K066407-01Door_Leaf,K066407-01,2306843,K066407/002,1,BD-1804,AAK
K066407-01Door_Frame,K066407-01,2306843,K066407/005,1,BD-1804,AAK
K066386-01Door_Leaf,K066386-01,2305679,K066386/002,1,VD-1810,KROM
K066386-01Door_Frame,K066386-01,2305679,K066386/005,1,VD-1810,KROM
K066472-01Door_Frame,K066472-01,2304961,K066472/005,1,AL-2115V,SALCO
K066442-01Door_Leaf,K066442-01,2305900,K066442/003,1,VH-1414,BAKKER
K066442-01Door_Panel,K066442-01,2305900,K066442/004,1,VH-1414,BAKKER
K066442-01Door_Frame,K066442-01,2305900,K066442/007,1,VH-1414,BAKKER
K066185-01Door_Leaf,K066185-01,2306242,K066185/003,2,VH-1414,DUTCH
K066185-02Door_Leaf,K066185-02,2306242,K066185/003,2,VH-1414,DUTCH
K066185-01Door_Panel,K066185-01,2306242,K066185/004,2,VH-1414,DUTCH
K066185-02Door_Panel,K066185-02,2306242,K066185/004,2,VH-1414,DUTCH
K066185-01Door_Frame,K066185-01,2306242,K066185/007,2,VH-1414,DUTCH
K066185-02Door_Frame,K066185-02,2306242,K066185/007,2,VH-1414,DUTCH
K066186-01Door_Leaf,K066186-01,2306242,K066186/003,1,VH-1414,DUTCH
K066186-01Door_Panel,K066186-01,2306242,K066186/004,1,VH-1414,DUTCH
K066186-01Door_Frame,K066186-01,2306242,K066186/007,1,VH-1414,DUTCH
S0619338-01Door_Leaf,S0619338-01,2307054,S0619338/003,1,VH-1414V,LINEAGE
S0619338-01Door_Panel,S0619338-01,2307054,S0619338/005,1,VH-1414V,LINEAGE
K066453-01Door_Leaf,K066453-01,2307142,K066453/003,1,AL-1414-H,VANMARCKE
K066453-01Door_Panel,K066453-01,2307142,K066453/004,1,AL-1414-H,VANMARCKE
K066453-01Door_Frame,K066453-01,2307142,K066453/006,1,AL-1414-H,VANMARCKE
K065879-01Door_Leaf,K065879-01,2301051,K065879/003,1,KH-1010,ABBOTT
K065879-01Door_Panel,K065879-01,2301051,K065879/004,1,KH-1010,ABBOTT
K065879-01Door_Frame,K065879-01,2301051,K065879/007,1,KH-1010,ABBOTT
K066103-01Door_Leaf,K066103-01,2301051,K066103/003,1,VH-1414,ABBOTT
K066103-01Door_Panel,K066103-01,2301051,K066103/004,1,VH-1414,ABBOTT
K066103-01Door_Frame,K066103-01,2301051,K066103/007,1,VH-1414,ABBOTT
K066409-01Door_Leaf,K066409-01,2305579,K066409/003,2,KS-1810,BEJO
K066409-02Door_Leaf,K066409-02,2305579,K066409/003,2,KS-1810,BEJO
K066409-01Door_Frame,K066409-01,2305579,K066409/008,2,KS-1810,BEJO
K066409-02Door_Frame,K066409-02,2305579,K066409/008,2,KS-1810,BEJO
K066410-01Door_Leaf,K066410-01,2305579,K066410/003,2,KS-1810,BEJO
K066410-02Door_Leaf,K066410-02,2305579,K066410/003,2,KS-1810,BEJO
K066410-02Door_Frame,K066410-02,2305579,K066410/008,2,KS-1810,BEJO
K066410-01Door_Frame,K066410-01,2305579,K066410/008,2,KS-1810,BEJO
K066411-01Door_Leaf,K066411-01,2305579,K066411/003,4,KS-1810,BEJO
K066411-03Door_Leaf,K066411-03,2305579,K066411/003,4,KS-1810,BEJO
K066411-04Door_Leaf,K066411-04,2305579,K066411/003,4,KS-1810,BEJO
K066411-02Door_Leaf,K066411-02,2305579,K066411/003,4,KS-1810,BEJO
K066411-03Door_Frame,K066411-03,2305579,K066411/008,4,KS-1810,BEJO
K066411-01Door_Frame,K066411-01,2305579,K066411/008,4,KS-1810,BEJO
K066411-02Door_Frame,K066411-02,2305579,K066411/008,4,KS-1810,BEJO
K066411-04Door_Frame,K066411-04,2305579,K066411/008,4,KS-1810,BEJO
K066412-02Door_Leaf,K066412-02,2305579,K066412/003,2,VS-1810,BEJO
K066412-01Door_Leaf,K066412-01,2305579,K066412/003,2,VS-1810,BEJO
K066412-02Door_Frame,K066412-02,2305579,K066412/008,2,VS-1810,BEJO
K066412-01Door_Frame,K066412-01,2305579,K066412/008,2,VS-1810,BEJO
K066403-01Door_Leaf,K066403-01,2300414,K066403/003,1,VH-1414-VK,NEWCOLD
K066403-01Door_Panel,K066403-01,2300414,K066403/005,1,VH-1414-VK,NEWCOLD
K066403-01Door_Frame,K066403-01,2300414,K066403/008,1,VH-1414-VK,NEWCOLD
K066406-01Door_Leaf,K066406-01,2300414,K066406/003,1,VH-1414-VK,NEWCOLD
K066406-01Door_Panel,K066406-01,2300414,K066406/005,1,VH-1414-VK,NEWCOLD
K066406-01Door_Frame,K066406-01,2300414,K066406/008,1,VH-1414-VK,NEWCOLD
K066416-01Door_Leaf,K066416-01,2300414,K066416/003,1,VH-1414-VK,NEWCOLD
K066416-01Door_Panel,K066416-01,2300414,K066416/005,1,VH-1414-VK,NEWCOLD
K066416-01Door_Frame,K066416-01,2300414,K066416/008,1,VH-1414-VK,NEWCOLD
K066418-01Door_Leaf,K066418-01,2300414,K066418/003,1,VH-1414V,NEWCOLD
K066418-01Door_Panel,K066418-01,2300414,K066418/005,1,VH-1414V,NEWCOLD
K066418-01Door_Frame,K066418-01,2300414,K066418/008,1,VH-1414V,NEWCOLD
K066379-01Door_Leaf,K066379-01,2306952,K066379/003,1,KS-1810,RAW
K066379-01Door_Frame,K066379-01,2306952,K066379/008,1,KS-1810,RAW
K066432-01Door_Leaf,K066432-01,2304961,K066432/003,1,AL-1414-VK,SALCO
K066432-01Door_Panel,K066432-01,2304961,K066432/004,1,AL-1414-VK,SALCO
K066432-01Door_Frame,K066432-01,2304961,K066432/005,1,AL-1414-VK,SALCO
K066475-01Door_Leaf,K066475-01,2306621,K066475/003,1,AL-1414-H,AGRISTO
K066475-01Door_Panel,K066475-01,2306621,K066475/004,1,AL-1414-H,AGRISTO
K066475-01Door_Frame,K066475-01,2306621,K066475/005,1,AL-1414-H,AGRISTO
K066455-01Door_Leaf,K066455-01,2306837,K066455/003,1,KHG-1810,AKADEMIE
K066455-01Door_Panel,K066455-01,2306837,K066455/004,1,KHG-1810,AKADEMIE
K066455-01Door_Frame,K066455-01,2306837,K066455/007,1,KHG-1810,AKADEMIE
K066457-01Door_Leaf,K066457-01,2306837,K066457/002,3,BD-1804,AKADEMIE
K066457-02Door_Leaf,K066457-02,2306837,K066457/002,3,BD-1804,AKADEMIE
K066457-03Door_Leaf,K066457-03,2306837,K066457/002,3,BD-1804,AKADEMIE
K066457-03Door_Frame,K066457-03,2306837,K066457/005,3,BD-1804,AKADEMIE
K066457-02Door_Frame,K066457-02,2306837,K066457/005,3,BD-1804,AKADEMIE
K066457-01Door_Frame,K066457-01,2306837,K066457/005,3,BD-1804,AKADEMIE
K066595-01Door_Leaf,K066595-01,2306837,K066595/003,1,BSD-0804,AKADEMIE
K066595-01Door_Panel,K066595-01,2306837,K066595/004,1,BSD-0804,AKADEMIE
K066595-01Door_Frame,K066595-01,2306837,K066595/007,1,BSD-0804,AKADEMIE
K066394-01Door_Leaf,K066394-01,2306199,K066394/002,1,KD-1810,BERG
K066596-01Door_Leaf,K066596-01,2306610,K066596/003,1,VH-1414,BIDFOOD
K066596-01Door_Panel,K066596-01,2306610,K066596/004,1,VH-1414,BIDFOOD
K066596-01Door_Frame,K066596-01,2306610,K066596/007,1,VH-1414,BIDFOOD
K066360-01Door_Frame,K066360-01,2306627,K066360/007,1,KH-1010,CHAKIRS
K066361-01Door_Frame,K066361-01,2306627,K066361/007,1,KH-1010,CHAKIRS
K066362-01Door_Frame,K066362-01,2306627,K066362/007,1,VH-1414,CHAKIRS
K066329-01Door_Frame,K066329-01,2302140,K066329/005,5,AL-1414-H,CLAREBOUT
K066329-03Door_Frame,K066329-03,2302140,K066329/005,5,AL-1414-H,CLAREBOUT
K066329-02Door_Frame,K066329-02,2302140,K066329/005,5,AL-1414-H,CLAREBOUT
K066329-04Door_Frame,K066329-04,2302140,K066329/005,5,AL-1414-H,CLAREBOUT
K066329-05Door_Frame,K066329-05,2302140,K066329/005,5,AL-1414-H,CLAREBOUT
K066333-01Door_Frame,K066333-01,2302140,K066333/005,2,AL-1414-H,CLAREBOUT
K066333-02Door_Frame,K066333-02,2302140,K066333/005,2,AL-1414-H,CLAREBOUT
K066338-04Door_Frame,K066338-04,2302140,K066338/005,4,AL-1414-H,CLAREBOUT
K066338-03Door_Frame,K066338-03,2302140,K066338/005,4,AL-1414-H,CLAREBOUT
K066338-01Door_Frame,K066338-01,2302140,K066338/005,4,AL-1414-H,CLAREBOUT
K066338-02Door_Frame,K066338-02,2302140,K066338/005,4,AL-1414-H,CLAREBOUT
K066339-01Door_Frame,K066339-01,2302140,K066339/005,1,AL-1414-H,CLAREBOUT
K066346-01Door_Frame,K066346-01,2302140,K066346/007,1,VH-1414,CLAREBOUT
K066352-02Door_Frame,K066352-02,2302140,K066352/007,3,VH-1414V (ATU),CLAREBOUT
K066352-03Door_Frame,K066352-03,2302140,K066352/007,3,VH-1414V (ATU),CLAREBOUT
K066352-01Door_Frame,K066352-01,2302140,K066352/007,3,VH-1414V (ATU),CLAREBOUT
K066355-02Door_Frame,K066355-02,2302140,K066355/005,2,AL-1414-VK,CLAREBOUT
K066355-01Door_Frame,K066355-01,2302140,K066355/005,2,AL-1414-VK,CLAREBOUT
K066464-01Door_Leaf,K066464-01,2304060,K066464/003,1,KDG-1910,COBB
K066464-01Door_Panel,K066464-01,2304060,K066464/005,1,KDG-1910,COBB
K066464-01Door_Frame,K066464-01,2304060,K066464/006,1,KDG-1910,COBB
K066549-01Door_Leaf,K066549-01,2304060,K066549/003,1,NI-1610,COBB
K066549-01Door_Panel,K066549-01,2304060,K066549/004,1,NI-1610,COBB
K066549-01Door_Frame,K066549-01,2304060,K066549/007,1,NI-1610,COBB
K066532-01Door_Leaf,K066532-01,2307308,K066532/002,1,BD-1804,COSUCRA
K066532-01Door_Frame,K066532-01,2307308,K066532/005,1,BD-1804,COSUCRA
K066493-01Door_Leaf,K066493-01,2305969,K066493/003,1,AL-1414-H,DEJAEGHERE
K066493-01Door_Panel,K066493-01,2305969,K066493/004,1,AL-1414-H,DEJAEGHERE
K066493-01Door_Frame,K066493-01,2305969,K066493/005,1,AL-1414-H,DEJAEGHERE
K066494-01Door_Leaf,K066494-01,2305969,K066494/003,1,AL-1414-H,DEJAEGHERE
K066494-01Door_Panel,K066494-01,2305969,K066494/004,1,AL-1414-H,DEJAEGHERE
K066494-01Door_Frame,K066494-01,2305969,K066494/005,1,AL-1414-H,DEJAEGHERE
K066626-01Door_Leaf,K066626-01,2307267,K066626/002,1,VD-1810,DOEHLER
K066626-01Door_Frame,K066626-01,2307267,K066626/005,1,VD-1810,DOEHLER
K066634-01Door_Leaf,K066634-01,2307267,K066634/003,1,VH-1414V,DOEHLER
K066634-01Door_Panel,K066634-01,2307267,K066634/006,1,VH-1414V,DOEHLER
K066548-01Door_Leaf,K066548-01,2307331,K066548/003,1,VH-1414,DRIESSEN
K066548-01Door_Panel,K066548-01,2307331,K066548/004,1,VH-1414,DRIESSEN
K066548-01Door_Frame,K066548-01,2307331,K066548/007,1,VH-1414,DRIESSEN
K066171-02Door_Leaf,K066171-02,2304296,K066171/002,3,KHG-1810V,FAVA
K066171-01Door_Leaf,K066171-01,2304296,K066171/002,3,KHG-1810V,FAVA
K066171-03Door_Leaf,K066171-03,2304296,K066171/002,3,KHG-1810V,FAVA
K066171-03Door_Frame,K066171-03,2304296,K066171/005,3,KHG-1810V,FAVA
K066171-01Door_Frame,K066171-01,2304296,K066171/005,3,KHG-1810V,FAVA
K066171-02Door_Frame,K066171-02,2304296,K066171/005,3,KHG-1810V,FAVA
U051793-01Door_Leaf,U051793-01,2303843,U051793/003,1,KH-1010,GIA
U051793-01Door_Panel,U051793-01,2303843,U051793/004,1,KH-1010,GIA
U051793-01Door_Frame,U051793-01,2303843,U051793/007,1,KH-1010,GIA
K066503-01Door_Leaf,K066503-01,2200756,K066503/002,4,KD-1810 STEL,GIJBELS
K066503-02Door_Leaf,K066503-02,2200756,K066503/002,4,KD-1810 STEL,GIJBELS
K066503-04Door_Leaf,K066503-04,2200756,K066503/002,4,KD-1810 STEL,GIJBELS
K066503-03Door_Leaf,K066503-03,2200756,K066503/002,4,KD-1810 STEL,GIJBELS
K066259-01Door_Leaf,K066259-01,2306526,K066259/003,1,KH-1010,HOOGHOUTPL
K066259-01Door_Panel,K066259-01,2306526,K066259/004,1,KH-1010,HOOGHOUTPL
K066259-01Door_Frame,K066259-01,2306526,K066259/007,1,KH-1010,HOOGHOUTPL
K066501-01Door_Leaf,K066501-01,2307081,K066501/002,5,KD-1810,HUL
K066501-03Door_Leaf,K066501-03,2307081,K066501/002,5,KD-1810,HUL
K066501-04Door_Leaf,K066501-04,2307081,K066501/002,5,KD-1810,HUL
K066501-05Door_Leaf,K066501-05,2307081,K066501/002,5,KD-1810,HUL
K066501-02Door_Leaf,K066501-02,2307081,K066501/002,5,KD-1810,HUL
K066501-02Door_Frame,K066501-02,2307081,K066501/005,5,KD-1810,HUL
K066501-05Door_Frame,K066501-05,2307081,K066501/005,5,KD-1810,HUL
K066501-04Door_Frame,K066501-04,2307081,K066501/005,5,KD-1810,HUL
K066501-03Door_Frame,K066501-03,2307081,K066501/005,5,KD-1810,HUL
K066501-01Door_Frame,K066501-01,2307081,K066501/005,5,KD-1810,HUL
K066502-03Door_Leaf,K066502-03,2307081,K066502/002,5,KD-1810,HUL
K066502-01Door_Leaf,K066502-01,2307081,K066502/002,5,KD-1810,HUL
K066502-05Door_Leaf,K066502-05,2307081,K066502/002,5,KD-1810,HUL
K066502-02Door_Leaf,K066502-02,2307081,K066502/002,5,KD-1810,HUL
K066502-04Door_Leaf,K066502-04,2307081,K066502/002,5,KD-1810,HUL
K066502-03Door_Frame,K066502-03,2307081,K066502/005,5,KD-1810,HUL
K066502-02Door_Frame,K066502-02,2307081,K066502/005,5,KD-1810,HUL
K066502-04Door_Frame,K066502-04,2307081,K066502/005,5,KD-1810,HUL
K066502-01Door_Frame,K066502-01,2307081,K066502/005,5,KD-1810,HUL
K066502-05Door_Frame,K066502-05,2307081,K066502/005,5,KD-1810,HUL
K066441-01Door_Frame,K066441-01,2306935,K066441/007,1,KH-1010,KAABEE
K066381-04Door_Leaf,K066381-04,2306703,K066381/002,4,KHG-1810 KIT,LHG
K066381-02Door_Leaf,K066381-02,2306703,K066381/002,4,KHG-1810 KIT,LHG
K066381-01Door_Leaf,K066381-01,2306703,K066381/002,4,KHG-1810 KIT,LHG
K066381-03Door_Leaf,K066381-03,2306703,K066381/002,4,KHG-1810 KIT,LHG
K066381-04Door_Panel,K066381-04,2306703,K066381/004,4,KHG-1810 KIT,LHG
K066381-01Door_Panel,K066381-01,2306703,K066381/004,4,KHG-1810 KIT,LHG
K066381-02Door_Panel,K066381-02,2306703,K066381/004,4,KHG-1810 KIT,LHG
K066381-03Door_Panel,K066381-03,2306703,K066381/004,4,KHG-1810 KIT,LHG
K066381-04Door_Frame,K066381-04,2306703,K066381/007,4,KHG-1810 KIT,LHG
K066381-01Door_Frame,K066381-01,2306703,K066381/007,4,KHG-1810 KIT,LHG
K066381-02Door_Frame,K066381-02,2306703,K066381/007,4,KHG-1810 KIT,LHG
K066381-03Door_Frame,K066381-03,2306703,K066381/007,4,KHG-1810 KIT,LHG
K066383-04Door_Leaf,K066383-04,2306703,K066383/002,4,KHG-1810 KIT,LHG
K066383-03Door_Leaf,K066383-03,2306703,K066383/002,4,KHG-1810 KIT,LHG
K066383-02Door_Leaf,K066383-02,2306703,K066383/002,4,KHG-1810 KIT,LHG
K066383-01Door_Leaf,K066383-01,2306703,K066383/002,4,KHG-1810 KIT,LHG
K066383-04Door_Panel,K066383-04,2306703,K066383/004,4,KHG-1810 KIT,LHG
K066383-03Door_Panel,K066383-03,2306703,K066383/004,4,KHG-1810 KIT,LHG
K066383-02Door_Panel,K066383-02,2306703,K066383/004,4,KHG-1810 KIT,LHG
K066383-01Door_Panel,K066383-01,2306703,K066383/004,4,KHG-1810 KIT,LHG
K066383-02Door_Frame,K066383-02,2306703,K066383/007,4,KHG-1810 KIT,LHG
K066383-04Door_Frame,K066383-04,2306703,K066383/007,4,KHG-1810 KIT,LHG
K066383-01Door_Frame,K066383-01,2306703,K066383/007,4,KHG-1810 KIT,LHG
K066383-03Door_Frame,K066383-03,2306703,K066383/007,4,KHG-1810 KIT,LHG
K065551-02Door_Leaf,K065551-02,2302267,K065551/003,3,VH-1414 STEL,LINEAGE
K065551-03Door_Leaf,K065551-03,2302267,K065551/003,3,VH-1414 STEL,LINEAGE
K065551-01Door_Leaf,K065551-01,2302267,K065551/003,3,VH-1414 STEL,LINEAGE
K065551-01Door_Frame,K065551-01,2302267,K065551/007,3,VH-1414 STEL,LINEAGE
K065551-03Door_Frame,K065551-03,2302267,K065551/007,3,VH-1414 STEL,LINEAGE
K065551-02Door_Frame,K065551-02,2302267,K065551/007,3,VH-1414 STEL,LINEAGE
K066552-01Door_Leaf,K066552-01,2300990,K066552/003,1,VH-1414V,LORRAINE
K066552-01Door_Panel,K066552-01,2300990,K066552/005,1,VH-1414V,LORRAINE
K066552-01Door_Frame,K066552-01,2300990,K066552/007,1,VH-1414V,LORRAINE
K066588-06Door_Leaf,K066588-06,2300990,K066588/003,6,VH-1414V,LORRAINE
K066588-04Door_Leaf,K066588-04,2300990,K066588/003,6,VH-1414V,LORRAINE
K066588-05Door_Leaf,K066588-05,2300990,K066588/003,6,VH-1414V,LORRAINE
K066588-01Door_Leaf,K066588-01,2300990,K066588/003,6,VH-1414V,LORRAINE
K066588-02Door_Leaf,K066588-02,2300990,K066588/003,6,VH-1414V,LORRAINE
K066588-03Door_Leaf,K066588-03,2300990,K066588/003,6,VH-1414V,LORRAINE
K066588-02Door_Panel,K066588-02,2300990,K066588/005,6,VH-1414V,LORRAINE
K066588-06Door_Panel,K066588-06,2300990,K066588/005,6,VH-1414V,LORRAINE
K066588-04Door_Panel,K066588-04,2300990,K066588/005,6,VH-1414V,LORRAINE
K066588-01Door_Panel,K066588-01,2300990,K066588/005,6,VH-1414V,LORRAINE
K066588-03Door_Panel,K066588-03,2300990,K066588/005,6,VH-1414V,LORRAINE
K066588-05Door_Panel,K066588-05,2300990,K066588/005,6,VH-1414V,LORRAINE
K066588-02Door_Frame,K066588-02,2300990,K066588/007,6,VH-1414V,LORRAINE
K066588-06Door_Frame,K066588-06,2300990,K066588/007,6,VH-1414V,LORRAINE
K066588-04Door_Frame,K066588-04,2300990,K066588/007,6,VH-1414V,LORRAINE
K066588-03Door_Frame,K066588-03,2300990,K066588/007,6,VH-1414V,LORRAINE
K066588-01Door_Frame,K066588-01,2300990,K066588/007,6,VH-1414V,LORRAINE
K066588-05Door_Frame,K066588-05,2300990,K066588/007,6,VH-1414V,LORRAINE
K066594-01Door_Leaf,K066594-01,2300990,K066594/003,2,VH-1414-VK,LORRAINE
K066594-02Door_Leaf,K066594-02,2300990,K066594/003,2,VH-1414-VK,LORRAINE
K066594-02Door_Panel,K066594-02,2300990,K066594/005,2,VH-1414-VK,LORRAINE
K066594-01Door_Panel,K066594-01,2300990,K066594/005,2,VH-1414-VK,LORRAINE
K066594-02Door_Frame,K066594-02,2300990,K066594/007,2,VH-1414-VK,LORRAINE
K066594-01Door_Frame,K066594-01,2300990,K066594/007,2,VH-1414-VK,LORRAINE
K066401-01Door_Leaf,K066401-01,2300414,K066401/003,3,VH-1414-VK,NEWCOLD
K066401-02Door_Leaf,K066401-02,2300414,K066401/003,3,VH-1414-VK,NEWCOLD
K066401-03Door_Leaf,K066401-03,2300414,K066401/003,3,VH-1414-VK,NEWCOLD
K066401-03Door_Panel,K066401-03,2300414,K066401/005,3,VH-1414-VK,NEWCOLD
K066401-02Door_Panel,K066401-02,2300414,K066401/005,3,VH-1414-VK,NEWCOLD
K066401-01Door_Panel,K066401-01,2300414,K066401/005,3,VH-1414-VK,NEWCOLD
K066401-01Door_Frame,K066401-01,2300414,K066401/008,3,VH-1414-VK,NEWCOLD
K066401-03Door_Frame,K066401-03,2300414,K066401/008,3,VH-1414-VK,NEWCOLD
K066401-02Door_Frame,K066401-02,2300414,K066401/008,3,VH-1414-VK,NEWCOLD
K066556-01Door_Leaf,K066556-01,2307365,K066556/003,1,KH-1010,PICNIC
K066556-01Door_Panel,K066556-01,2307365,K066556/004,1,KH-1010,PICNIC
K066556-01Door_Frame,K066556-01,2307365,K066556/007,1,KH-1010,PICNIC
K066557-02Door_Leaf,K066557-02,2307365,K066557/003,3,KS-1810,PICNIC
K066557-01Door_Leaf,K066557-01,2307365,K066557/003,3,KS-1810,PICNIC
K066557-03Door_Leaf,K066557-03,2307365,K066557/003,3,KS-1810,PICNIC
K066557-03Door_Frame,K066557-03,2307365,K066557/008,3,KS-1810,PICNIC
K066557-02Door_Frame,K066557-02,2307365,K066557/008,3,KS-1810,PICNIC
K066557-01Door_Frame,K066557-01,2307365,K066557/008,3,KS-1810,PICNIC
IN10870-01Door_Frame,IN10870-01,2302153,IN10870/002,1,KH-1010,SALCO
K065273-01Door_Leaf,K065273-01,2008342,K065273/004,1,VH-1414,SALCO
K065273-01Door_Panel,K065273-01,2008342,K065273/005,1,VH-1414,SALCO
K065273-01Door_Frame,K065273-01,2008342,K065273/008,1,VH-1414,SALCO
K066498-01Door_Leaf,K066498-01,2306898,K066498/003,1,KS-1810,SALOM
K066498-01Door_Frame,K066498-01,2306898,K066498/008,1,KS-1810,SALOM
K066454-05Door_Frame,K066454-05,2306303,K066454/008,5,KH-1010,SPECIAL
K066454-04Door_Frame,K066454-04,2306303,K066454/008,5,KH-1010,SPECIAL
K066454-03Door_Frame,K066454-03,2306303,K066454/008,5,KH-1010,SPECIAL
K066454-02Door_Frame,K066454-02,2306303,K066454/008,5,KH-1010,SPECIAL
K066454-01Door_Frame,K066454-01,2306303,K066454/008,5,KH-1010,SPECIAL
2074057-01Door_Panel,2074057-01,2004363,K020265/005,1,VH-1414,SWINKELS/A
2074057-01Door_Frame,2074057-01,2004363,K020265/008,1,VH-1414,SWINKELS/A
K066547-01Door_Leaf,K066547-01,2306304,K066547/003,1,VH-1414,TIGRO
K066547-01Door_Panel,K066547-01,2306304,K066547/004,1,VH-1414,TIGRO
K066547-01Door_Frame,K066547-01,2306304,K066547/007,1,VH-1414,TIGRO
K066581-01Door_Leaf,K066581-01,2307136,K066581/003,1,KH-1010,WEST
K066581-01Door_Panel,K066581-01,2307136,K066581/004,1,KH-1010,WEST
K066581-01Door_Frame,K066581-01,2307136,K066581/007,1,KH-1010,WEST
K066582-01Door_Leaf,K066582-01,2307136,K066582/003,1,KH-1010,WEST
K066582-01Door_Panel,K066582-01,2307136,K066582/004,1,KH-1010,WEST
K066582-01Door_Frame,K066582-01,2307136,K066582/007,1,KH-1010,WEST
K066589-01Door_Leaf,K066589-01,2306666,K066589/003,1,VH-1414,WESTFRO
K066589-01Door_Panel,K066589-01,2306666,K066589/004,1,VH-1414,WESTFRO
K066589-01Door_Frame,K066589-01,2306666,K066589/007,1,VH-1414,WESTFRO